time_kernel_s_mean,time_kernel_s_median,time_kernel_s_std,time_kernel_s_min,time_kernel_s_max,time_prepare_s_mean,time_prepare_s_median,time_prepare_s_std,time_prepare_s_min,time_prepare_s_max,time_dma_s_mean,time_dma_s_median,time_dma_s_std,time_dma_s_min,time_dma_s_max,time_ip_wait_s_mean,time_ip_wait_s_median,time_ip_wait_s_std,time_ip_wait_s_min,time_ip_wait_s_max,time_end_to_end_s_mean,time_end_to_end_s_median,time_end_to_end_s_std,time_end_to_end_s_min,time_end_to_end_s_max
38.32761772001417,37.466916295500596,3.634813195945686,36.127902235999954,62.516753205999976,0.0,0.0,0.0,0.0,0.0,0.0,0.0,0.0,0.0,0.0,0.0,0.0,0.0,0.0,0.0,38.3276933616926,37.466989843498595,3.634812640826384,36.127984286000014,62.516819606000126
0.46750671677041716,0.47022873302921653,0.009223431590782458,0.4366596729960292,0.4744718159781769,0.01825478698625718,0.00966395903378725,0.1378458364479476,0.0072849680436775,3.8359916019253433,0.03765436209685908,0.035806770494673346,0.006800569935598044,0.0257682669907808,0.0653451309772208,0.46750671677041716,0.47022873302921653,0.009223431590782458,0.4366596729960292,0.4744718159781769,0.5484846647233504,0.5437983545125462,0.13740694575387297,0.4957888019271195,4.338091664947569
