method,n,time_mean_ms,time_median_ms,time_p95_ms,time_p99_ms,e2e_mean_ms,speedup_vs_cpu,label
cpu_tsa_lut,86,43626.116975441575,39777.78416100068,59687.99754325015,62168.981987500076,38327.6933616926,1.0,CPU TSA LUT
fpga,86,444.71006062379934,437.7274575526826,470.79102473799134,471.2552525510545,548.4846647233504,98.10013498288475,FPGA TSA
