gauche,droite,snr_db,n,accord_decision_pct,accord_doppler_pct,accord_phase_pct,delta_peak_ratio_moy
CPU TSA LUT,FPGA TSA,-20.0,18,100.0,100.0,100.0,0.005307435562119483
CPU TSA LUT,FPGA TSA,-10.0,17,100.0,100.0,100.0,354.9725433719202
CPU TSA LUT,FPGA TSA,0.0,17,100.0,100.0,100.0,678.3053096948487
CPU TSA LUT,FPGA TSA,10.0,17,100.0,100.0,100.0,722.700095431092
CPU TSA LUT,FPGA TSA,20.0,17,100.0,100.0,100.0,725.9882578553656
