method,n_signaux,n_acquisitions,succes_strict_pct,Pd_pct,Pfa_pct,Pm_pct,doppler_mae_hz,doppler_max_hz,phase_mae_chip,phase_max_chip,peak_ratio_mean,peak_ratio_std,winner_margin_mean_db,winner_margin_min_db,time_mean_ms,time_median_ms,label
cpu_tsa_lut,86,86,100.0,100.0,0.0,0.0,3.0232558139534884,250,0.0,0,94.76109282591237,33.42410058790091,133.8234330687637,17.10703110236691,43626.116975441575,39777.78416100068,CPU TSA LUT
fpga,86,86,100.0,100.0,0.0,0.0,3.0232558139534884,250,0.0,0,585.383430521784,321.4122867112638,14.472145774706572,2.6694437110629163,444.71006062379934,437.7274575526826,FPGA TSA
