Mesure,DMA AXI STREAM mean,AXI FULL mean,Delta (AXI-DMA),DMA AXI STREAM P95,AXI FULL P95
Prep cache (ms),0.5063274000000001,0.5063274000000001,0.0,0.5175377,0.5175377
Config registres (ms),0.25954710000000003,0.25954710000000003,0.0,0.26562395,0.26562395
Post-traitement (ms),17.5112034,17.5112034,0.0,17.58114115,17.58114115
Total Python (cache+cfg+post) (ms),18.2770779,18.2770779,0.0,18.35748505,18.35748505
