Version,IN total mean (MB/s),OUT total mean (MB/s),IN IP mean (MB/s),OUT IP mean (MB/s)
DMA AXI STREAM,0.04731181530160404,0.1633635699365287,0.04774268969559814,0.16485134162206636
AXI FULL,0.04731181530160404,0.1633635699365287,0.04774268969559814,0.16485134162206636
