Version,N runs,Mean total_ms,Mean python_ms,Mean ip_ms,Mean python_share_pct,Mean ip_share_pct,P95 total_ms,P95 python_ms,P95 ip_ms
DMA AXI STREAM,10,2028.9224436,18.2770779,2010.6115629,0.9008268087306515,99.09750714211424,2029.4761171,18.35748505,2011.1366593500002
AXI FULL,10,2028.9224436,18.2770779,2010.6115629,0.9008268087306515,99.09750714211424,2029.4761171,18.35748505,2011.1366593500002
