method,n_signaux,n_acquisitions,succes_strict_pct,Pd_pct,Pfa_pct,Pm_pct,doppler_mae_hz,doppler_max_hz,phase_mae_chip,phase_max_chip,peak_ratio_mean,peak_ratio_std,winner_margin_mean_db,winner_margin_min_db,time_mean_ms,time_median_ms,label
cpu_lut_angles,86,86,98.83720930232558,98.83720930232558,0.0,1.1627906976744187,3.0232558139534884,250,0.0,0,573.1862138081707,371.0908875719468,14.233802325581395,2.8424,108826.71872987234,108701.15668999642,CPU LUT
fpga,86,86,98.83720930232558,98.83720930232558,0.0,1.1627906976744187,3.0232558139534884,250,0.0,0,563.1031938817214,367.12662082647086,14.230730232558138,2.89,2010.564217918632,2010.593586000141,FPGA IP
