snr_db,n,accord_decision_pct,accord_doppler_pct,accord_phase_pct,delta_peak_ratio_moy
-20.0,18,88.88888888888889,100.0,100.0,0.575016101501562
-10.0,17,100.0,100.0,100.0,11.14905012034498
0.0,17,100.0,100.0,100.0,16.18791233758438
10.0,17,100.0,100.0,100.0,11.71674322379964
20.0,17,100.0,100.0,100.0,11.48256168312884
