method,n,time_mean_ms,time_median_ms,time_p95_ms,time_p99_ms,e2e_mean_ms,speedup_vs_cpu,label
cpu_lut_angles,86,108826.71872987234,108701.15668999642,108834.04813350353,112752.01217494985,109592.80248132594,1.0,CPU LUT
fpga,86,2010.564217918632,2010.593586000141,2011.1288099999456,2011.2122770999124,2099.580922732605,54.12745226438551,FPGA IP
