method,n_signals,strict_success_pct,Pd_pct,Pfa_pct,doppler_mae_hz,phase_mae_chip,peak_ratio_mean,time_mean_ms,time_median_ms,time_p95_ms,method_label
cpu_lut_angles,86,98.83720930232558,98.83720930232558,0.0,3.0232558139534884,0.0,573.1862138081707,108826.71872987236,108701.15668999642,108834.04813350353,CPU LUT angles
fpga,86,100.0,,,3.0232558139534884,0.0,563.1031938817214,2010.564217918632,2010.593586000141,2011.1288099999456,FPGA
