time_kernel_s_mean,time_kernel_s_median,time_kernel_s_std,time_kernel_s_min,time_kernel_s_max,time_prepare_s_mean,time_prepare_s_median,time_prepare_s_std,time_prepare_s_min,time_prepare_s_max,time_dma_s_mean,time_dma_s_median,time_dma_s_std,time_dma_s_min,time_dma_s_max,time_ip_wait_s_mean,time_ip_wait_s_median,time_ip_wait_s_std,time_ip_wait_s_min,time_ip_wait_s_max,time_end_to_end_s_mean,time_end_to_end_s_median,time_end_to_end_s_std,time_end_to_end_s_min,time_end_to_end_s_max
108.82671872987235,108.70115668999642,0.8351682372001172,108.53884861300048,115.5372656149998,5.500693012351732e-05,5.328950192051707e-05,1.2976387988401595e-05,5.1107999752275646e-05,0.0001713859965093,0.0,0.0,0.0,0.0,0.0,0.0,0.0,0.0,0.0,0.0,109.59280248132595,109.46644716200171,0.839125862414751,109.30695421600012,116.31256843600022
2.010564217918632,2.010593586000141,0.00034052750300161586,2.0100241210002423,2.011217015000057,0.07058138774419959,0.012000803500086449,0.5254886366006177,0.0097596229998089,4.8868121900000006,0.002199033360464108,0.0021605590000035,0.00042067700369599544,0.0018350489999647,0.0058525099998405,2.010564217918632,2.010593586000141,0.00034052750300161586,2.0100241210002423,2.011217015000057,2.099580922732605,2.0411063474998627,0.5312414795813273,2.036740534999808,6.968554878999839
