Method,PRN,Doppler (Hz),Code Phase,Peak,Peak Ratio,Variance,Time (s),Memory (MB),Energy (J),Power (W),Detected
TSA,25,-1750.0,150,2028801.917539093,80.36210077341002,0.21260750034028453,111.4925,196.65,94.163,0.845,1
SA,25,-1750.0,150,2028801.917539093,81.13386650734303,,114.1154,188.4,105.482,0.924,1
FFT,25,-1750.0,151,69618967.99182539,40.45583955684105,,2.9443,2.02,3.122,1.06,1
