temps_moyen_cpu_float_s,temps_moyen_cpu_lut_s,ratio_temps_lut_vs_float
109.29668391800078,108.14988586300751,0.9895074762208371
